critical_cves,high_cves,medium_cves,low_cves,package_count,image_size_mb,is_signed,signature_verified,risk_label
0,0,0,2,80,45,1,1,LOW
0,1,2,5,120,75,1,1,LOW
0,2,5,8,150,110,1,1,MEDIUM
0,3,8,10,180,130,1,1,MEDIUM
1,3,8,12,220,160,1,1,HIGH
1,5,12,15,250,190,0,0,HIGH
2,6,15,20,300,230,0,0,CRITICAL
3,10,20,25,400,300,0,0,CRITICAL
0,0,1,1,60,40,1,1,LOW
0,1,1,3,90,55,1,1,LOW
0,2,4,6,140,95,1,0,MEDIUM
1,2,6,8,170,120,1,0,HIGH
1,4,10,15,230,170,0,0,HIGH
2,5,14,18,280,210,0,0,CRITICAL
4,12,25,30,500,400,0,0,CRITICAL
0,1,3,5,110,65,1,1,LOW
0,2,3,7,130,85,1,1,MEDIUM
1,3,5,9,190,140,1,0,HIGH
2,7,16,22,320,250,0,0,CRITICAL
0,0,0,0,50,30,1,1,LOW